ExperienceYears,CoachFirstName,CoachID,CoachLastName
15,Tarrah,1,Van den Velde
2,Gwenore,2,Vina
39,Riannon,3,Rubica
34,Ignatius,4,Colhoun
28,Tedmund,5,Tofful
6,Chiarra,6,Simmings
20,Moshe,7,Athow
6,Mei,8,Down
19,Annadiane,9,Gannaway
18,Dona,10,Petri
15,Nariko,11,Drewell
25,Lianne,12,Faveryear
20,Derwin,13,Bertie
1,Randal,14,Carrigan
22,Shepard,15,Canon
11,Drud,16,Scarlett
6,Jennica,17,Galley
20,Blair,18,Brew
37,Beatrice,19,Seres
4,Wynn,20,Bleasby
16,Constantin,21,Mingo
38,Patten,22,Shivell
9,Onfroi,23,Stoving
26,Annemarie,24,Fatharly
33,Tonie,25,Carnegy
19,Marianna,26,Costin
39,Zacharie,27,Barnicott
5,Larry,28,Mostyn
23,Loise,29,Hayball
3,Orton,30,Poyser
35,Meredeth,31,Duding
7,Marve,32,Proudler
35,Corry,33,Gaishson
13,Harmonia,34,Wakely
5,Obadias,35,Pleavin
23,Tann,36,Hefner
6,Rutherford,37,Stangroom
23,Ericha,38,Gertray
35,Denice,39,Mitchall
16,Blondie,40,Vaadeland
27,Eldredge,41,Stroton
9,Harris,42,Dibling
12,Alison,43,Fearnside
15,Nora,44,Borrott
29,Gerome,45,Corbridge
21,Datha,46,Thomen
7,Cathrine,47,Beeston
29,Faustine,48,Doman
17,Darla,49,Timmis
31,Zorina,50,Andreopolos
34,Maura,51,Le Grice
39,Melany,52,Tiesman
16,Oralia,53,Simonot
25,Edwin,54,Jorden
5,Kinsley,55,Cousans
31,Idaline,56,Daldan
9,Pavla,57,Lamburn
28,Bobbie,58,Hutcheon
9,Wilie,59,Ogglebie
29,Nessie,60,Creser
32,Nessa,61,Giacobilio
29,Tomlin,62,Manginot
12,Rog,63,Lydster
19,Carling,64,Abadam
28,Bayard,65,Tong
3,Norry,66,Stoate
33,Ardene,67,Huguet
8,Beatrisa,68,Gaiford
21,Shelby,69,Lyndon
23,Marlo,70,Daventry
13,Micah,71,Mixon
35,Reuben,72,Posen
3,Wendeline,73,Chawner
17,Putnem,74,Hammill
14,Sylvia,75,Vallance
6,Diane,76,Copson
16,Winifred,77,Corss
31,Lesli,78,MacCafferky
27,Shurwood,79,Flatman
5,Saunderson,80,McGirl
20,Daren,81,Czajka
30,Don,82,Cherrington
22,Bamby,83,Tomasz
18,Channa,84,Mattielli
23,Susi,85,Monteith
9,Baldwin,86,Goodding
31,Devland,87,Snailham
39,Lucio,88,Ben
6,Charity,89,Trattles
4,Brandy,90,Kirwan
4,Daveen,91,Crockford
37,Daven,92,Draycott
28,Ephrayim,93,Extal
24,Court,94,Bagwell
12,Buddie,95,Kullmann
40,Dorri,96,Masi
37,Harman,97,Tombleson
39,Morton,98,Bohl
38,Roderigo,99,Spurman
31,Jocko,100,Dungate
4,Riva,101,Josefs
38,Carlye,102,Ibbett
31,Lurline,103,Middlemass
24,Heath,104,Golly
7,Adolphus,105,Bahia
6,Hubie,106,Pettko
1,Ginelle,107,Giff
16,Petey,108,Donati
7,Darby,109,Vakhrushin
39,Shandra,110,Warcop
8,Annis,111,Downage
29,Mirabel,112,Bramo
29,Wynn,113,Rappport
25,Haley,114,Plascott
1,Audrie,115,Riddick
25,Queenie,116,Pitfield
15,Palm,117,Turnpenny
4,Ardys,118,Paye
26,King,119,Mountford
28,Joana,120,Ramel
13,Talya,121,Pattingson
18,Jeddy,122,Kernoghan
9,Hannis,123,McConnell
24,Stormie,124,Cumpton
7,Dee dee,125,Lockyear
1,Donielle,126,Mathews
23,Trevor,127,Whittek
20,Hartley,128,Borris
9,Dulcy,129,Shawcroft
12,Cesar,130,Josuweit
15,Ogdon,131,Escoffier
36,Lari,132,Covill
30,Rivy,133,O'Dowd
30,Orlando,134,Clink
17,Tomasina,135,Letham
18,Toby,136,Klimentyonok
29,Cornela,137,Dupey
8,Thatch,138,Ghelardoni
36,Modesty,139,Hollingdale
28,Silvester,140,Methley
20,Arabel,141,Longmuir
23,Tara,142,Gallehawk
40,Evangelin,143,Jolliff
15,Ricki,144,Howie
1,Jerome,145,Sabbins
20,Harmonie,146,Rawson
9,Ketty,147,Brogiotti
21,Lorianne,148,Debrett
29,Roberto,149,Storek
26,Saunder,150,Labat
4,Pavlov,151,Loudon
33,Berri,152,Beagrie
38,Silvio,153,Tremontana
2,Antoni,154,Soreau
39,Tressa,155,Montes
27,Merle,156,Lowrie
3,Bond,157,Jikylls
39,Benny,158,Hoyte
13,Alexandra,159,Blamey
37,Lonnie,160,Gallimore
18,Deeann,161,Danahar
11,Simone,162,Bosnell
19,Dode,163,Parton
1,Dion,164,Hearnes
6,Mariana,165,Huglin
33,Raven,166,Give
40,Roth,167,MacGibbon
26,Emogene,168,Wanell
32,Dynah,169,McKeever
32,Devin,170,Titcomb
4,Dominga,171,Belward
2,Latia,172,Lamba
11,Kristofor,173,Paquet
3,Rubie,174,Scaice
39,Karlik,175,Behn
15,Yurik,176,Palmby
20,Leonanie,177,Trafford
33,Lanny,178,Glaisner
22,Irita,179,Beharrell
10,Rufe,180,Kertess
20,Denice,181,McLardie
15,Ilyssa,182,Kryska
12,Kelcy,183,Duxbarry
17,Henri,184,Tottle
14,Kaine,185,Sooper
11,Codi,186,Iacovucci
26,Byron,187,Stanluck
8,Felicia,188,Van den Oord
12,Cherianne,189,Pycock
24,Sauncho,190,Maro
31,Bennett,191,Henworth
4,Donna,192,Lodwick
40,Ethelyn,193,Symondson
29,Nedda,194,Jakes
2,Kelsy,195,Pococke
38,Marius,196,Greiser
8,Meaghan,197,Culligan
9,Helsa,198,Lackeye
28,Tull,199,Pechold
23,Wallis,200,Argue
25,Eberto,201,Dorricott
36,Roseline,202,Sigmund
5,Annabell,203,Ruben
25,Christoper,204,Taggart
16,Hyacintha,205,Bannister
14,Friedrich,206,Lashley
35,Lorilee,207,Rushbrook
13,Winifred,208,Walas
5,Orland,209,Riediger
11,Melinda,210,Yurenin
24,Cooper,211,Usmar
7,Ian,212,Saldler
40,Effie,213,Kimberly
6,Ivonne,214,Pirrone
21,Eloise,215,Eddy
33,Trista,216,Bugden
25,Adria,217,Warlawe
26,Annalise,218,Purdie
30,Heidi,219,Wagner
11,Clementine,220,Sudlow
32,Morley,221,Pepi
27,Ambrosius,222,Aleksandrev
39,Salomone,223,Kahler
22,Rheba,224,Pau
14,Atalanta,225,Michelet
9,Marlee,226,Ribey
28,Diannne,227,Allmann
30,Murielle,228,Bonnet
15,Riane,229,Borgnet
4,Minda,230,Patkin
3,Conrado,231,Landy
34,Hy,232,Redwin
19,Locke,233,Grzelewski
24,Doroteya,234,Ellaway
28,Alasdair,235,Schutte
35,Ted,236,Gorusso
36,Daveta,237,Hanshawe
33,Wiatt,238,Brockbank
27,Sandi,239,Moneti
22,Torin,240,Jeffryes
10,Gasparo,241,Manz
10,Lydon,242,Philippard
10,Hedvig,243,Godsil
3,Ev,244,Boyer
30,La verne,245,Cauldfield
3,Marketa,246,Sunner
14,Rooney,247,Loffill
29,Carlina,248,Spearman
7,Vitoria,249,Tatlock
28,Erek,250,Keuntje
2,Auberta,251,Capelin
6,Jessika,252,Yann
40,Gawain,253,Denness
18,Morna,254,Milan
10,Hilario,255,Domesday
10,Ardene,256,Adney
28,Ramon,257,Carrol
9,Bartel,258,Tilby
37,Garland,259,Frean
34,Thomasine,260,Tilt
1,Yuma,261,Grundwater
8,Cordi,262,Gobeaux
35,Robers,263,Beardwood
33,Jsandye,264,Denizet
39,Randa,265,Ramberg
18,Prentiss,266,Shadbolt
20,Eldridge,267,Riall
11,Dulci,268,Bodker
29,Alyssa,269,Gostridge
29,Jose,270,Kemmey
9,Roth,271,Vanes
22,Megan,272,Skelding
2,Stormi,273,Chsteney
5,Mandel,274,Garden
18,Janot,275,Ribchester
18,Leonanie,276,Counsell
5,Corri,277,Filipputti
28,Mozes,278,Moncey
8,Reuven,279,Flanner
7,Kris,280,Leblanc
16,Kandy,281,Ogelsby
1,Melosa,282,Ghelerdini
36,Brittan,283,Bagnold
11,Phaedra,284,Broome
34,Elenore,285,Casbolt
20,Perle,286,Brotherhed
19,Dilly,287,Romanet
29,Benedicto,288,Slay
26,Karlie,289,Fealty
24,Arabelle,290,Lowle
8,Bourke,291,Gareisr
9,Tabatha,292,Dradey
17,Sully,293,MacLeese
8,Bernardina,294,Hasluck
1,Maggee,295,Kemmer
33,Feliza,296,Woollaston
11,Jon,297,Bonsall
38,Cathlene,298,Iglesia
13,Tabor,299,Casino
30,Angela,300,Ollerhad
