RefFirstName,RefLastName,RefereeID,ExperienceYears
Packston,Grand,1,9
Alleen,Hollyman,2,27
Clea,Bache,3,27
Birgitta,Iglesia,4,35
Bartlett,Merioth,5,34
Jasun,Willmett,6,6
Kiele,Lilywhite,7,12
Kimmy,Wellesley,8,17
Ema,Ginnane,9,32
Mathilda,Currell,10,35
Nilson,Cases,11,9
Bay,Diable,12,17
Shelagh,Davana,13,12
Adlai,Freed,14,27
Shina,Morbey,15,5
Cara,Kerbey,16,10
Ardra,Blackboro,17,10
Vonni,Tinsley,18,26
Loydie,Wrate,19,16
Vittoria,Veasey,20,26
Tito,McLernon,21,8
Loralyn,Croisdall,22,3
Rayshell,Baddoe,23,35
Glenna,Paute,24,10
Corie,Howieson,25,27
Maggy,Feather,26,20
Torey,Stedson,27,7
Ashley,Whitworth,28,8
Pippy,Kamena,29,1
Westley,Cogdon,30,16
Thorndike,Poulgreen,31,9
Sim,Hamstead,32,17
Mikaela,Noirel,33,19
Leona,Haggett,34,29
Marcello,Thom,35,27
Catie,Glasby,36,32
Salomone,Ragge,37,11
Rob,Iltchev,38,20
Sissie,Dauncey,39,8
Harriott,Brewett,40,19
Hillary,Maidlow,41,31
Haleigh,De Benedictis,42,16
Andee,Bristow,43,10
Royal,Cowsby,44,23
Fiona,Harnor,45,7
Mannie,Snoxall,46,9
Vlad,Colbrun,47,7
Deena,Vasin,48,17
Caresse,Lynagh,49,34
Junina,Beneteau,50,3
Kienan,Doyley,51,19
Alfy,Ferry,52,14
Toinette,Arrow,53,31
Christin,Forward,54,21
Min,Winscum,55,27
Manuel,Reaper,56,30
Conway,Imorts,57,23
Charlton,Crommett,58,21
Glynn,Hinge,59,17
Quinton,Jacques,60,25
Ericka,McFadden,61,25
Nisse,Swetland,62,18
Jacob,Grouer,63,17
Merell,Scyone,64,13
Rodrigo,Connell,65,22
Ashia,Frenchum,66,35
Cob,Selland,67,15
Christye,Scatchard,68,14
Faydra,Gazey,69,15
Julissa,Victory,70,23
Carey,Dronsfield,71,6
Bertine,Dyne,72,28
Carri,Ritchley,73,34
Vinnie,Lumsdall,74,4
Zeb,Daveley,75,25
Winfield,Routledge,76,25
Cross,Luttgert,77,24
Matteo,Andriesse,78,20
Arleyne,Itscowicz,79,10
Quincey,Sommers,80,30
Rutter,Twells,81,30
Penelopa,Farnan,82,1
Almeda,Ingamells,83,10
Dimitry,Walsham,84,11
Roosevelt,Jest,85,9
Lind,Mackerel,86,31
Donnie,Horney,87,35
Liza,Faldoe,88,11
Idaline,Copner,89,1
Trescha,Berthel,90,18
Alexandra,Woodman,91,23
Terrance,Tilbrook,92,6
Jackelyn,Dieton,93,8
Cad,Kibblewhite,94,3
Carol-jean,Orwin,95,31
Ingelbert,Cunde,96,12
Mathias,Pyrah,97,33
Cristionna,Salvage,98,25
Claudio,Tasseler,99,34
Jeralee,Fidelus,100,17
Maurita,Colls,101,2
Gizela,Coventry,102,15
Chickie,Petken,103,28
Dara,Cashley,104,25
Sibella,Betje,105,35
Quinton,Henaughan,106,10
Damian,Rathmell,107,21
Avictor,Tommasi,108,26
Elisabet,Aylen,109,5
Rodie,Errett,110,23
Mariejeanne,Reeme,111,18
Tressa,Benninck,112,2
Hilarius,Berzin,113,23
Elly,Sears,114,16
Deny,Ferrarese,115,35
Glenn,Rapelli,116,14
Morgun,McGuinness,117,13
Gwendolyn,Downse,118,22
Sibylle,Poone,119,15
Rufe,Slocom,120,14
Nan,Stillman,121,29
Siouxie,Bourthouloume,122,26
Randall,Brookshaw,123,12
Terrance,Stenbridge,124,17
Phillipp,Tigner,125,31
Desdemona,Stoner,126,8
Goldia,Ratie,127,30
Berti,Coates,128,7
Alasteir,Undrill,129,5
Haily,Wasiela,130,6
Rourke,Leirmonth,131,20
Goober,Jorcke,132,26
Inglebert,Mannagh,133,8
Viviene,Vondrak,134,21
Ollie,D'orsay,135,12
Kelcie,Carle,136,23
Tomaso,Armatys,137,6
Harry,Lease,138,10
Jody,Sangwin,139,8
Lavena,Wermerling,140,31
Herculie,Sneden,141,30
Janice,Shewsmith,142,22
Gerti,Barthod,143,35
Corrie,Kilfether,144,25
Karry,Culshaw,145,8
Ilene,Blenkharn,146,21
Tabb,Notti,147,1
Holly-anne,Robardley,148,20
Natalee,Vossgen,149,1
Sheryl,Crysell,150,13
Simmonds,Shurrocks,151,12
Coreen,Osipenko,152,5
Elysia,Dommersen,153,4
Dawn,Gaddesby,154,10
Rory,Keeler,155,7
Jessica,Traves,156,29
Clemmy,Giraudoux,157,11
Verna,Menere,158,33
Allin,Outerbridge,159,20
Marlon,Sheilds,160,11
Therese,Artist,161,24
Wyatan,Sivess,162,28
Bancroft,Shankle,163,23
Hilary,Dowsey,164,10
Bertie,Hevner,165,31
Jamesy,MacGeaney,166,31
Revkah,Musico,167,3
Ainsley,Martinet,168,20
Albina,Ianne,169,21
Ellene,McQueen,170,13
Webb,Hutchinges,171,28
Nevins,MacMakin,172,8
Ruben,Brimacombe,173,14
Bradley,Crocombe,174,30
Barbara,Birchwood,175,28
Yolanda,MacClure,176,8
Kamilah,Pulsford,177,12
Tammie,Shivlin,178,3
Branden,Divis,179,33
Erminia,Gleave,180,27
Miran,Noblet,181,25
Davey,Oscroft,182,35
Goldia,Gostyke,183,8
Ora,Cringle,184,8
Greggory,Agett,185,22
Gus,Elis,186,8
Abigael,Heistermann,187,6
Talya,Scholig,188,33
Katlin,Carreck,189,2
Sydney,Fosdick,190,9
Inez,Peirone,191,16
Simone,Maylott,192,13
Rhett,Millen,193,3
Madge,Gilvary,194,4
Elisabeth,Hissett,195,5
Homere,Durman,196,1
Darnell,Tiltman,197,14
Dawn,Jewks,198,18
Pennie,Stolworthy,199,4
Hewitt,Leicester,200,17
Albertine,Wildash,201,17
Uriel,Simonsson,202,14
Jamie,York,203,11
Britteny,Woodstock,204,6
L;urette,Manueli,205,24
Karalee,Quiddinton,206,2
Crista,Coopey,207,8
Hillary,Hentze,208,24
Jeramey,Maidlow,209,24
Tally,Oboy,210,22
Winni,Hounsham,211,33
Alix,Jeffree,212,19
Stephanus,McMillan,213,26
Bell,Yerrill,214,34
Ruttger,Buesden,215,29
Ole,Mandeville,216,1
Burlie,Farden,217,25
Sue,Sneddon,218,6
Elane,Enrique,219,2
Shelley,Tibbits,220,1
Brennen,Kennsley,221,33
Miguel,Janway,222,28
Wolfy,Blenkensop,223,11
Ozzie,Creyke,224,7
Kalvin,Walczak,225,2
Marie,Caulfield,226,29
Cher,Antwis,227,19
Lyssa,Newling,228,34
Abigael,Arons,229,15
Edmon,Coggon,230,20
Mathilde,Lyddon,231,9
Nikoletta,Reffe,232,7
Franni,Drummer,233,4
Bunni,Dougliss,234,34
Cully,Hundey,235,26
Fidel,Cloy,236,21
Brook,Kenward,237,5
Jayme,Gherardesci,238,5
Gertie,Wilkes,239,25
Siegfried,Buston,240,17
Levy,Le Brum,241,13
Hayden,Bernolet,242,17
Maryellen,Creeber,243,26
Eb,Merrien,244,29
Kristoffer,Measor,245,11
Trumaine,Eldredge,246,35
Kylynn,Liffe,247,13
Ty,Tuffey,248,6
Yardley,Greiswood,249,14
April,Barcke,250,25
Lelah,Avison,251,19
Kalila,Ravillas,252,5
Vilhelmina,O'Currigan,253,11
Ginnifer,McKeighan,254,27
Nevile,Sanford,255,7
Vania,Oty,256,1
Florrie,Light,257,19
Jewelle,Finnimore,258,23
Emlyn,Cano,259,35
Florence,Tenwick,260,20
Karil,Alwell,261,30
Sophey,McSorley,262,23
Noe,Bomfield,263,24
Berta,Brambley,264,18
Maridel,Normanvill,265,5
Flossie,Beden,266,12
Doralin,Riddich,267,2
Garland,Sarginson,268,3
Conant,Bortol,269,34
Cristiano,Maudson,270,21
Madonna,Garatty,271,26
Phylis,Pietzker,272,12
Erinn,O'Lyhane,273,26
Ysabel,Coghill,274,35
Maridel,Duchenne,275,6
Cullen,Savine,276,8
Corbett,Cardoe,277,8
Taryn,Lowrie,278,24
Gawain,Bonsey,279,15
See,Rosenhaus,280,9
Chanda,Bullingham,281,18
Witty,Beiderbeck,282,5
Mano,How to preserve,283,35
Bunnie,Boules,284,32
Dre,Cellone,285,24
Janel,Latehouse,286,18
Nikolia,Carcas,287,33
Titos,Kimbrey,288,9
Marcelo,Cobson,289,2
Sheila-kathryn,By,290,12
Jeannette,Adolfsen,291,6
Emelen,Lammers,292,4
Laird,Granger,293,27
Cicily,Beddall,294,23
Karlens,Kmieciak,295,1
Tam,Piff,296,16
Jorgan,Lyne,297,8
Evin,Davidescu,298,8
Essy,O'Driscoll,299,27
Rolland,Pesterfield,300,27
